{"Public_00000000.jpg": [[563, 337, 715, 587, 0.9194], [201, 392, 501, 804, 0.91634], [725, 222, 786, 267, 0.35563]], "Public_00000001.jpg": [[505, 325, 639, 537, 0.95831], [857, 807, 902, 858, 0.31817]], "Public_00000002.jpg": [[700, 325, 780, 452, 0.93864]], "Public_00000003.jpg": [[479, 682, 611, 815, 0.92243], [617, 549, 747, 739, 0.91063], [151, 406, 258, 492, 0.9042], [432, 198, 817, 595, 0.89459], [189, 329, 286, 404, 0.72777], [428, 317, 626, 601, 0.27306]], "Public_00000004.jpg": [[706, 480, 993, 801, 0.94944], [622, 282, 892, 496, 0.94817], [395, 257, 588, 523, 0.9441], [308, 424, 433, 534, 0.88485], [1505, 655, 1537, 693, 0.6212], [358, 391, 418, 432, 0.46666], [958, 393, 1023, 471, 0.44006]], "Public_00000005.jpg": [[271, 477, 549, 708, 0.93209], [531, 585, 653, 760, 0.92661], [418, 310, 584, 484, 0.8664], [829, 348, 1052, 540, 0.86417], [723, 301, 794, 489, 0.81881], [557, 198, 710, 464, 0.64961], [48, 734, 303, 936, 0.57981]], "Public_00000006.jpg": [[485, 369, 590, 466, 0.92748]], "Public_00000007.jpg": [[244, 22, 662, 464, 0.83538], [194, 432, 392, 743, 0.8244], [267, 448, 616, 887, 0.72009], [479, 502, 651, 674, 0.56024], [118, 752, 182, 819, 0.29]], "Public_00000008.jpg": [[786, 240, 939, 488, 0.92968], [426, 287, 726, 705, 0.91825]], "Public_00000009.jpg": [[786, 324, 903, 475, 0.9348], [979, 202, 1010, 236, 0.43483], [996, 0, 1063, 44, 0.36172], [75, 538, 109, 566, 0.32741]], "Public_00000010.jpg": [[131, 69, 454, 456, 0.95565], [927, 60, 1203, 276, 0.9301], [42, 197, 94, 285, 0.89785], [214, 586, 458, 851, 0.89541], [371, 525, 472, 733, 0.84432], [490, 0, 640, 53, 0.78686], [1275, 102, 1345, 174, 0.75878], [26, 331, 84, 386, 0.53356], [189, 542, 259, 613, 0.36602]], "Public_00000011.jpg": [[797, 760, 936, 888, 0.94457], [140, 55, 1328, 738, 0.68183]], "Public_00000012.jpg": [[346, 717, 531, 874, 0.95457], [896, 370, 1123, 561, 0.95122], [298, 97, 433, 260, 0.94322], [402, 297, 503, 490, 0.921], [903, 637, 997, 724, 0.89531], [244, 86, 297, 148, 0.8937], [216, 144, 295, 241, 0.85425], [1029, 631, 1141, 687, 0.81757], [279, 0, 347, 27, 0.64232]], "Public_00000013.jpg": [[500, 260, 937, 688, 0.89444], [1366, 737, 1650, 938, 0.86462], [48, 186, 246, 347, 0.82019], [29, 277, 84, 360, 0.26489]], "Public_00000014.jpg": [[558, 361, 934, 840, 0.93581], [971, 571, 1209, 696, 0.90318], [281, 156, 465, 314, 0.89708], [1408, 282, 1582, 452, 0.78048]], "Public_00000015.jpg": [[542, 771, 726, 929, 0.92432], [182, 388, 397, 577, 0.85074], [770, 2, 900, 192, 0.84473], [1142, 277, 1184, 343, 0.42049], [1347, 226, 1381, 258, 0.37286]], "Public_00000016.jpg": [[79, 708, 331, 909, 0.91374], [70, 795, 208, 941, 0.87493], [634, 729, 788, 915, 0.86943], [678, 362, 818, 739, 0.85292], [0, 719, 66, 894, 0.66159], [505, 0, 716, 202, 0.40355], [1349, 287, 1377, 319, 0.39982]], "Public_00000017.jpg": [[765, 146, 904, 276, 0.94068], [1324, 762, 1543, 941, 0.87017], [988, 834, 1111, 906, 0.83418], [222, 479, 337, 635, 0.80642], [416, 310, 865, 801, 0.76132], [330, 0, 421, 56, 0.33284]], "Public_00000018.jpg": [[698, 341, 809, 475, 0.92786], [1504, 207, 1550, 241, 0.79973], [70, 409, 121, 459, 0.72873]], "Public_00000019.jpg": [[652, 358, 879, 467, 0.91309], [1507, 316, 1560, 363, 0.69141]], "Public_00000020.jpg": [[781, 487, 924, 580, 0.94386], [657, 604, 755, 671, 0.856]], "Public_00000021.jpg": [[580, 429, 703, 552, 0.94574], [810, 604, 934, 688, 0.92481], [581, 550, 673, 695, 0.92407], [559, 791, 610, 855, 0.7995], [1048, 90, 1107, 172, 0.7766], [98, 771, 158, 826, 0.2724]], "Public_00000022.jpg": [[620, 699, 697, 797, 0.89086], [191, 490, 241, 596, 0.78537]], "Public_00000023.jpg": [[1270, 692, 1334, 758, 0.90659], [853, 461, 945, 573, 0.8669], [484, 0, 585, 127, 0.67635]], "Public_00000024.jpg": [[874, 342, 957, 435, 0.90149]], "Public_00000025.jpg": [[645, 470, 699, 552, 0.90816]], "Public_00000026.jpg": [[677, 497, 786, 569, 0.84945]], "Public_00000027.jpg": [[338, 550, 423, 637, 0.93194], [967, 135, 1028, 205, 0.85615]], "Public_00000028.jpg": [[428, 317, 578, 401, 0.9164], [308, 287, 392, 390, 0.89563], [581, 376, 652, 432, 0.80314]], "Public_00000029.jpg": [[1045, 69, 1092, 114, 0.88374], [576, 524, 731, 644, 0.84654], [424, 27, 633, 176, 0.54529], [494, 680, 557, 748, 0.34479], [614, 633, 708, 713, 0.34241], [288, 641, 324, 686, 0.26095]], "Public_00000030.jpg": [[95, 87, 182, 203, 0.88954], [144, 564, 253, 653, 0.82347], [633, 180, 682, 216, 0.43419]], "Public_00000031.jpg": [[726, 463, 815, 548, 0.91675], [1228, 515, 1280, 568, 0.60144]], "Public_00000032.jpg": [[327, 418, 575, 600, 0.96647], [899, 626, 967, 677, 0.28474]], "Public_00000033.jpg": [[724, 255, 946, 416, 0.85929], [1670, 769, 1709, 813, 0.73398], [1183, 715, 1229, 763, 0.45628]], "Public_00000034.jpg": [[746, 457, 942, 757, 0.9467], [575, 228, 765, 542, 0.90938], [1627, 0, 1666, 21, 0.51808]], "Public_00000035.jpg": [[572, 693, 679, 773, 0.90782]], "Public_00000036.jpg": [[1022, 0, 1178, 143, 0.84092], [375, 190, 549, 428, 0.29209]], "Public_00000037.jpg": [[559, 429, 840, 690, 0.77534]], "Public_00000038.jpg": [[571, 411, 671, 509, 0.92049], [601, 534, 660, 588, 0.89878], [624, 128, 670, 171, 0.77738]], "Public_00000039.jpg": [[647, 345, 731, 460, 0.92489], [88, 0, 139, 39, 0.716], [355, 494, 452, 593, 0.59081], [749, 397, 782, 431, 0.31804]], "Public_00000040.jpg": [[1229, 289, 1279, 370, 0.81519], [1500, 250, 1556, 347, 0.78778], [1266, 260, 1320, 317, 0.76728], [878, 396, 912, 432, 0.66492]], "Public_00000041.jpg": [[871, 568, 934, 624, 0.89136], [1190, 336, 1248, 399, 0.88767]], "Public_00000042.jpg": [[712, 381, 780, 471, 0.89305]], "Public_00000043.jpg": [[711, 494, 847, 644, 0.95989], [219, 61, 391, 214, 0.95026], [497, 519, 657, 734, 0.94771], [143, 179, 276, 301, 0.93758], [343, 446, 510, 682, 0.92452], [747, 255, 854, 340, 0.92131], [134, 455, 230, 521, 0.89238], [862, 587, 941, 668, 0.879], [526, 423, 664, 520, 0.87836], [821, 215, 886, 262, 0.87227], [836, 296, 934, 411, 0.80294], [946, 184, 984, 225, 0.77036], [315, 438, 381, 510, 0.76171], [1542, 391, 1624, 472, 0.72974], [1574, 319, 1623, 362, 0.68879], [486, 383, 541, 456, 0.67699], [837, 779, 884, 826, 0.66672], [1522, 483, 1579, 540, 0.55771], [875, 276, 965, 376, 0.27543], [1590, 373, 1635, 412, 0.27015]], "Public_00000044.jpg": [[1340, 475, 1395, 528, 0.90562], [527, 507, 599, 571, 0.84655], [426, 610, 512, 677, 0.76707], [763, 612, 859, 670, 0.54663], [499, 549, 544, 582, 0.47037]], "Public_00000045.jpg": [[864, 574, 941, 661, 0.91858], [323, 760, 359, 805, 0.67187], [1226, 405, 1274, 453, 0.65477], [840, 554, 876, 588, 0.60247], [945, 624, 973, 653, 0.41047]], "Public_00000046.jpg": [[879, 365, 982, 449, 0.92252], [1009, 652, 1084, 711, 0.90318], [1075, 617, 1121, 654, 0.87099], [425, 67, 487, 130, 0.43036]], "Public_00000047.jpg": [[466, 296, 574, 366, 0.91324], [389, 636, 434, 682, 0.30393]], "Public_00000048.jpg": [[453, 473, 525, 538, 0.89289], [741, 576, 841, 656, 0.80488]], "Public_00000049.jpg": [[620, 402, 811, 528, 0.92675], [771, 434, 882, 516, 0.89963]], "Public_00000050.jpg": [[416, 526, 520, 639, 0.94185]], "Public_00000051.jpg": [[541, 673, 602, 737, 0.80229]], "Public_00000052.jpg": [[1053, 473, 1124, 544, 0.89103], [1064, 258, 1125, 346, 0.76381], [1107, 185, 1191, 258, 0.66591], [1694, 374, 1715, 441, 0.27025], [1066, 232, 1175, 345, 0.25859]], "Public_00000053.jpg": [[733, 273, 788, 329, 0.69894], [488, 375, 686, 485, 0.4812]], "Public_00000054.jpg": [[783, 367, 887, 481, 0.94461], [140, 0, 186, 49, 0.73874]], "Public_00000055.jpg": [[1165, 687, 1215, 743, 0.81548], [1184, 604, 1251, 669, 0.80632], [149, 681, 200, 726, 0.75457], [1480, 866, 1528, 940, 0.58213], [1330, 612, 1371, 673, 0.30786]], "Public_00000056.jpg": [[1359, 270, 1440, 336, 0.8911], [275, 212, 523, 318, 0.81795]], "Public_00000057.jpg": [[362, 767, 433, 844, 0.92792], [894, 599, 1031, 723, 0.92011], [653, 239, 708, 299, 0.89386], [496, 303, 548, 339, 0.84577]], "Public_00000058.jpg": [[137, 463, 335, 701, 0.95578]],